Gripper,Joint B,Joint C,Joint D,Base Joint
0.0,0.0,0.0,0.0,0.0
0.0,0.0,24.087146759033203,-4.053625583648682,-29.31500816345215
0.0,0.0,24.413915634155273,-3.561776876449585,-29.253704071044922
0.0,0.0,24.636735916137695,-3.0789544582366943,-29.259614944458008
2.856945753097534,1.3670791387557983,24.636735916137695,-2.8376855850219727,-29.277225494384766
2.856945753097534,1.3670791387557983,24.83363914489746,-2.5321311950683594,-29.321414947509766
2.856945753097534,1.3670791387557983,24.83363914489746,-2.5321311950683594,-29.321414947509766
0.07302314043045044,1.3039159774780273,24.33934783935547,-2.1317479610443115,-29.412616729736328
0.07302314043045044,1.3039159774780273,24.33934783935547,-2.1317479610443115,-29.458816528320312
-0.5027999877929688,1.374889612197876,23.776138305664062,-2.0890707969665527,-29.458816528320312
-1.192576289176941,1.3081778287887573,23.593517303466797,-1.9523276090621948,-29.47456932067871
-1.192576289176941,1.3081778287887573,23.593517303466797,-1.9523276090621948,-29.47456932067871
-1.5273396968841553,1.2963991165161133,23.65938949584961,-1.8741945028305054,-29.48212432861328
-2.0750746726989746,1.3141403198242188,23.62560272216797,-1.8005818128585815,-29.491182327270508
-2.0750746726989746,1.3141403198242188,23.62560272216797,-1.8005818128585815,-29.472604751586914
-2.3251891136169434,1.3378851413726807,23.968151092529297,-1.8699699640274048,-29.48332977294922
-2.7812280654907227,1.3007266521453857,23.968151092529297,-1.829862356185913,-29.491729736328125
-2.7812280654907227,1.3007266521453857,23.968151092529297,-1.829862356185913,-29.47199249267578
-2.986095905303955,1.3294252157211304,24.02880096435547,-1.7150933742523193,-29.464136123657227
-3.2082085609436035,1.3173030614852905,24.02880096435547,-1.7578120231628418,-29.426673889160156
-3.2082085609436035,1.3173030614852905,24.02880096435547,-1.7578120231628418,-29.385099411010742
-3.3060336112976074,1.3025625944137573,24.138015747070312,-1.8049620389938354,-29.398447036743164
-3.4472899436950684,1.2047760486602783,24.138015747070312,-1.7918651103973389,-29.42823028564453
-3.4472899436950684,1.2047760486602783,24.138015747070312,-1.7918651103973389,-29.430301666259766
-3.45676326751709,1.2312272787094116,23.87702751159668,-1.6520501375198364,-29.44097328186035
-3.5116677284240723,1.27866530418396,23.87702751159668,-1.6520501375198364,-29.44097328186035
-3.575638771057129,1.2902917861938477,23.98967742919922,-1.6851071119308472,-29.44451332092285
-3.620229482650757,1.3372340202331543,23.775148391723633,-1.7309355735778809,-29.503536224365234
-3.6724791526794434,1.3713480234146118,23.775148391723633,-1.6254749298095703,-29.504610061645508
-3.6724791526794434,1.3713480234146118,23.775148391723633,-1.6254749298095703,-29.48929786682129
-3.6958444118499756,1.3891066312789917,23.662742614746094,-0.027688048779964447,-29.486949920654297
-3.6794567108154297,1.3536466360092163,23.662742614746094,1.0220566987991333,-29.479719161987305
-3.6794567108154297,1.3536466360092163,23.662742614746094,1.0220566987991333,-29.43924903869629
-3.678926706314087,1.3245478868484497,23.918386459350586,1.9258203506469727,-29.43924903869629
-3.6721479892730713,1.3649274110794067,24.285125732421875,2.5769002437591553,-29.35929298400879
-3.690066337585449,1.3943129777908325,24.30829429626465,3.088444471359253,-29.347118377685547
-3.685729742050171,1.4199978113174438,24.318784713745117,3.73508882522583,-28.963985443115234
-3.737457513809204,1.3160383701324463,24.318784713745117,3.928575038909912,-28.614788055419922
-3.737457513809204,1.3160383701324463,24.318784713745117,3.928575038909912,-27.99757194519043
-3.7328171730041504,1.31283700466156,23.88040542602539,4.219555854797363,-27.149660110473633
-3.656219244003296,1.343127965927124,24.23211097717285,4.302801609039307,-26.543869018554688
-3.656219244003296,1.343127965927124,24.517845153808594,4.302801609039307,-26.062870025634766
-3.6526644229888916,1.3284447193145752,24.914518356323242,4.439401626586914,-25.688358306884766
-3.6818008422851562,1.2878055572509766,24.438438415527344,4.465299129486084,-25.41077995300293
-3.6818008422851562,1.2878055572509766,24.380775451660156,4.561737537384033,-25.163599014282227
-3.676243543624878,1.2874199151992798,24.613420486450195,4.561737537384033,-25.018596649169922
-3.7019195556640625,1.3205512762069702,24.48051643371582,4.636186599731445,-24.8941650390625
-3.7019195556640625,1.3205512762069702,24.35993766784668,4.638545989990234,-24.797435760498047
-3.696737289428711,1.3066679239273071,24.19384002685547,4.652143955230713,-24.757545471191406
-3.743582248687744,1.2646872997283936,24.19384002685547,4.652143955230713,-24.757545471191406
-3.729714870452881,1.2646872997283936,23.951820373535156,4.66708517074585,-24.603647232055664
-3.729714870452881,1.2646872997283936,23.951820373535156,4.66708517074585,-24.603647232055664
-3.710855007171631,1.2940077781677246,24.282272338867188,4.659399032592773,-24.589242935180664
-3.710855007171631,1.2940077781677246,24.282272338867188,4.659399032592773,-24.589242935180664
-3.7051706314086914,1.3097071647644043,-1.0323468446731567,19.979337692260742,32.63329315185547
-3.3925654888153076,1.3113933801651,12.571807861328125,99.51998901367188,67.8670654296875
-2.964993715286255,1.3113933801651,42.18209457397461,113.98658752441406,67.72698211669922
-2.964993715286255,1.3113933801651,42.18209457397461,113.98658752441406,67.72698211669922
-2.380387306213379,1.398791790008545,94.13782501220703,132.91928100585938,66.54318237304688
-2.380387306213379,1.398791790008545,113.73052215576172,165.65757751464844,78.50263214111328
-2.2169668674468994,1.3631196022033691,127.01082611083984,165.65757751464844,80.30390930175781
-1.956627607345581,1.3692716360092163,135.18360900878906,154.46932983398438,78.20404815673828
-1.8433865308761597,1.3692716360092163,136.68040466308594,156.16946411132812,77.2589340209961
-1.8433865308761597,1.4120779037475586,137.3744659423828,156.16946411132812,77.2577133178711
-1.7354680299758911,1.390362024307251,133.09613037109375,159.80825805664062,77.73430633544922
-1.7276705503463745,1.390362024307251,134.74307250976562,165.53341674804688,79.78501892089844
-1.7276705503463745,1.3514783382415771,132.3428955078125,165.53341674804688,81.64457702636719
-1.6497414112091064,1.3426381349563599,129.42861938476562,175.53770446777344,83.33942413330078
-1.6437709331512451,1.3426381349563599,125.41492462158203,183.90711975097656,85.86702728271484
-1.6437709331512451,1.3356267213821411,125.41492462158203,183.90711975097656,85.86702728271484
-1.6437709331512451,1.3356267213821411,125.41492462158203,183.90711975097656,85.86702728271484
-1.6804914474487305,1.3356038331985474,153.31028747558594,254.9928741455078,118.73950958251953
-1.6804914474487305,1.3356038331985474,153.31028747558594,254.9928741455078,118.73950958251953
-1.5851408243179321,1.2736968994140625,199.27389526367188,293.32177734375,115.27176666259766
-1.5851408243179321,1.2736968994140625,204.1140899658203,262.7290954589844,116.75570678710938
-1.5909435749053955,1.2958874702453613,205.54603576660156,262.7290954589844,111.88610076904297
-1.6592903137207031,1.298443078994751,201.4254913330078,226.1627960205078,106.526611328125
-1.6592903137207031,1.298443078994751,180.64175415039062,203.69520568847656,102.2713394165039
-1.6379789113998413,1.3406907320022583,154.78639221191406,203.69520568847656,99.36941528320312
-1.5894994735717773,1.3344311714172363,134.61314392089844,153.81246948242188,97.78868865966797
-1.5894994735717773,1.3344311714172363,134.61314392089844,153.81246948242188,97.78868865966797
-1.6091244220733643,1.344443440437317,108.21568298339844,126.50028991699219,98.7787094116211
-7.5422587394714355,1.326302170753479,103.06370544433594,104.72260284423828,99.21992492675781
-7.5422587394714355,1.326302170753479,103.06370544433594,104.72260284423828,99.21992492675781
-12.157785415649414,1.3947936296463013,103.18313598632812,86.74602508544922,99.43844604492188
-14.141230583190918,1.3821417093276978,99.12384033203125,84.65089416503906,99.46056365966797
-14.141230583190918,1.3821417093276978,99.12384033203125,84.65089416503906,99.46056365966797
-15.029741287231445,1.334505558013916,205.49951171875,212.0207061767578,-15.808980941772461
-16.10748863220215,1.3114557266235352,201.8025360107422,220.46939086914062,-43.254554748535156
-16.10748863220215,1.3114557266235352,201.8025360107422,220.46939086914062,-43.254554748535156
-16.390548706054688,1.3228776454925537,160.87881469726562,145.2117462158203,-57.66941452026367
-16.78390121459961,1.3104394674301147,138.21701049804688,145.2117462158203,-58.640804290771484
-16.78390121459961,1.3104394674301147,138.21701049804688,145.2117462158203,-58.640804290771484
-17.04697036743164,1.2707513570785522,105.57803344726562,111.02056121826172,-61.668670654296875
-18.058063507080078,1.2699871063232422,97.5110092163086,103.20117950439453,-64.08834075927734
-18.058063507080078,1.2699871063232422,90.03374481201172,106.5283432006836,-68.30391693115234
-18.159778594970703,1.3507294654846191,90.03374481201172,106.5283432006836,-68.30391693115234
-18.159778594970703,1.3507294654846191,90.03374481201172,106.5283432006836,-68.30391693115234
-19.07431411743164,1.3235392570495605,40.543922424316406,170.86434936523438,-84.7341079711914
-19.07431411743164,1.3235392570495605,-37.479454040527344,170.86434936523438,-88.74494171142578
-19.536273956298828,1.4053523540496826,-36.76267623901367,162.167236328125,-90.74067687988281
-19.536273956298828,1.4053523540496826,-27.359210968017578,143.1165313720703,-91.00541687011719
-19.813554763793945,1.4016579389572144,-24.42685890197754,143.1165313720703,-92.34732055664062
-20.28607749938965,1.3650109767913818,-24.355314254760742,125.05474853515625,-92.88141632080078
-20.28607749938965,1.3650109767913818,-25.297344207763672,124.2748794555664,-94.16511535644531
-20.4118709564209,1.394748568534851,-27.592561721801758,124.2748794555664,-94.2139663696289
-20.630041122436523,1.3963942527770996,-30.220048904418945,137.71759033203125,-94.69330596923828
-20.630041122436523,1.3963942527770996,-33.207725524902344,146.57498168945312,-95.90946960449219
-20.946142196655273,1.3195205926895142,-33.207725524902344,146.57498168945312,-95.90946960449219
-20.946142196655273,1.3195205926895142,-33.207725524902344,146.57498168945312,-95.90946960449219
-21.613039016723633,1.3515326976776123,-7.0880513191223145,209.80921936035156,-61.66441345214844
-21.613039016723633,1.3515326976776123,-7.0880513191223145,209.80921936035156,-61.66441345214844
-21.693429946899414,1.32138991355896,45.32993698120117,204.91046142578125,-34.72330093383789
-22.718385696411133,1.3024296760559082,75.96468353271484,201.13356018066406,10.51451587677002
-22.718385696411133,1.3024296760559082,80.40579986572266,201.13356018066406,29.511558532714844
-22.887338638305664,1.2959041595458984,81.96639251708984,201.13356018066406,41.76942443847656
-22.887338638305664,1.2959041595458984,81.96639251708984,201.13356018066406,41.76942443847656
-23.649045944213867,1.3591861724853516,82.41934204101562,214.94992065429688,51.80437469482422
-23.649045944213867,1.3591861724853516,82.41934204101562,214.94992065429688,51.80437469482422
-23.74898338317871,1.3535887002944946,116.93573760986328,273.386474609375,51.52606201171875
-23.74898338317871,1.3535887002944946,143.6514434814453,273.386474609375,32.54593276977539
-24.87982749938965,1.3570787906646729,128.07334899902344,254.0863800048828,18.797861099243164
-24.87982749938965,1.3570787906646729,110.35050964355469,248.19073486328125,5.358933925628662
-25.482473373413086,1.3369418382644653,110.35050964355469,248.19073486328125,5.358933925628662
-25.524351119995117,1.347549557685852,95.56903839111328,237.71719360351562,-29.562149047851562
-25.524351119995117,1.347549557685852,90.99207305908203,248.90525817871094,-40.9200325012207
-25.524351119995117,1.347549557685852,90.99207305908203,248.90525817871094,-40.9200325012207
-25.64406967163086,1.3867841958999634,91.75286102294922,237.54090881347656,-51.20940399169922
-25.64406967163086,1.3867841958999634,91.75286102294922,237.54090881347656,-51.20940399169922
-26.787824630737305,1.3394604921340942,102.97087097167969,209.77670288085938,-64.3050765991211
-26.990924835205078,1.3461647033691406,113.03887939453125,190.3448486328125,-73.14706420898438
-26.990924835205078,1.3461647033691406,113.03887939453125,190.3448486328125,-73.14706420898438
-26.79460334777832,1.3909947872161865,75.22126770019531,199.7144775390625,-7.816990375518799
-26.79460334777832,1.3909947872161865,75.22126770019531,199.7144775390625,-7.816990375518799
-27.037527084350586,1.3778420686721802,-18.395057678222656,178.0115203857422,48.63311767578125
-27.037527084350586,1.3778420686721802,-18.395057678222656,178.0115203857422,48.63311767578125
-26.47612762451172,1.4001902341842651,-27.77321434020996,170.15325927734375,57.874671936035156
-27.176280975341797,1.4619566202163696,-29.113536834716797,165.26881408691406,61.049095153808594
-27.176280975341797,1.4619566202163696,-27.677913665771484,165.26881408691406,64.47393798828125
-27.66480255126953,1.4191029071807861,-27.359668731689453,165.26881408691406,68.78094482421875
-27.66480255126953,1.4191029071807861,-27.359668731689453,165.26881408691406,68.78094482421875
-28.188810348510742,1.4103450775146484,-26.597074508666992,170.48382568359375,73.34806823730469
-28.188810348510742,1.4103450775146484,-26.597074508666992,170.48382568359375,73.34806823730469
-29.553945541381836,1.3768718242645264,7.831249237060547,199.32870483398438,120.73641967773438
-29.553945541381836,1.3768718242645264,74.7616195678711,194.79562377929688,151.39247131347656
-29.71282386779785,1.3967258930206299,74.7616195678711,194.79562377929688,151.39247131347656
-30.915878295898438,1.3874406814575195,88.7296142578125,195.35972595214844,121.98458862304688
-30.915878295898438,1.3874406814575195,87.80559539794922,195.35972595214844,108.27725982666016
-31.44927215576172,1.4219236373901367,89.55015563964844,194.98324584960938,98.90849304199219
-31.44927215576172,1.4219236373901367,93.79171752929688,197.6161346435547,92.02262115478516
-31.7292423248291,1.3958230018615723,93.79171752929688,197.6161346435547,92.02262115478516
-31.7292423248291,1.3958230018615723,93.79171752929688,197.6161346435547,92.02262115478516
-32.5786018371582,1.363853931427002,143.8022918701172,247.9847869873047,106.74445343017578
-32.5786018371582,1.363853931427002,143.8022918701172,247.9847869873047,106.74445343017578
-33.27528762817383,1.3860187530517578,170.9816131591797,228.52764892578125,104.28083038330078
-33.27528762817383,1.3860187530517578,170.9816131591797,228.52764892578125,104.28083038330078
-33.9072265625,1.3735884428024292,152.85450744628906,222.78958129882812,69.11457824707031
-34.59816360473633,1.3125991821289062,122.09561157226562,216.97171020507812,8.92209243774414
-34.59816360473633,1.3125991821289062,115.1090316772461,220.03915405273438,-30.97123908996582
-34.741943359375,1.3605470657348633,115.1090316772461,220.03915405273438,-30.97123908996582
-35.68084716796875,1.3997970819473267,110.24840545654297,213.9104461669922,-59.03229904174805
-35.68084716796875,1.3997970819473267,118.89359283447266,216.79420471191406,-90.15393829345703
-35.94355010986328,1.3195021152496338,118.89359283447266,216.79420471191406,-90.15393829345703
-36.69598388671875,1.3303433656692505,127.21046447753906,203.55880737304688,-94.17276763916016
-36.69598388671875,1.3303433656692505,144.04208374023438,193.70069885253906,-69.89527130126953
-37.043357849121094,1.316895604133606,144.04208374023438,193.70069885253906,-69.89527130126953
-37.74583435058594,1.2980057001113892,151.59323120117188,188.00282287597656,-62.460227966308594
-37.74583435058594,1.2980057001113892,151.59323120117188,188.00282287597656,-62.460227966308594
-37.917964935302734,1.255079746246338,168.89842224121094,186.43759155273438,-55.4617919921875
-37.46822738647461,1.2173428535461426,165.50474548339844,188.21389770507812,-44.33673858642578
-37.46822738647461,1.2173428535461426,188.24581909179688,186.7590789794922,-21.442764282226562
-37.38662338256836,1.2435760498046875,188.24581909179688,186.7590789794922,-21.442764282226562
-37.62155532836914,1.2544409036636353,178.6894989013672,185.34017944335938,1.7945325374603271
-37.62155532836914,1.2544409036636353,164.19935607910156,200.26954650878906,23.005945205688477
-37.80801010131836,1.2792048454284668,164.19935607910156,200.26954650878906,23.005945205688477
-38.30995559692383,1.3124923706054688,159.84190368652344,184.92703247070312,52.00362014770508
-38.30995559692383,1.3124923706054688,157.9742889404297,181.76145935058594,70.3573989868164
-38.607994079589844,1.3418176174163818,157.9742889404297,181.76145935058594,70.3573989868164
-39.50419998168945,1.3285539150238037,165.01681518554688,157.48394775390625,82.78070068359375
-39.50419998168945,1.3285539150238037,140.0904083251953,155.41448974609375,88.4942626953125
-40.019779205322266,1.2967575788497925,140.0904083251953,155.41448974609375,88.4942626953125
-40.546974182128906,1.2762060165405273,69.03045654296875,136.30218505859375,92.3467025756836
-40.546974182128906,1.2762060165405273,46.9671516418457,136.03515625,76.70011901855469
-41.02157974243164,1.2886161804199219,46.9671516418457,136.03515625,76.70011901855469
-42.42243194580078,1.3076051473617554,26.74723243713379,125.17691040039062,45.42878723144531
-42.42243194580078,1.3076051473617554,36.197479248046875,131.71641540527344,32.28974151611328
-43.84840393066406,1.3519911766052246,36.197479248046875,131.71641540527344,32.28974151611328
-44.326419830322266,1.3316891193389893,70.1677474975586,123.7705078125,12.848770141601562
-44.326419830322266,1.3316891193389893,70.1677474975586,123.7705078125,12.848770141601562
-43.71088409423828,1.3016029596328735,117.57382202148438,128.5458526611328,-3.7639899253845215
-44.14594650268555,1.2855045795440674,141.99044799804688,125.28645324707031,-22.200674057006836
-44.14594650268555,1.2855045795440674,163.9995880126953,134.87770080566406,-55.514339447021484
-44.56977462768555,1.3038218021392822,163.9995880126953,134.87770080566406,-55.514339447021484
-45.02130126953125,1.3088440895080566,159.99191284179688,130.867431640625,-77.12653350830078
-45.02130126953125,1.3088440895080566,159.99191284179688,130.867431640625,-77.12653350830078
-45.48441696166992,1.2703574895858765,171.74874877929688,138.6941375732422,-92.64448547363281
-46.466796875,1.2701283693313599,154.15443420410156,134.35256958007812,-98.20903778076172
-46.466796875,1.2701283693313599,154.15443420410156,134.35256958007812,-98.20903778076172
-46.61263656616211,1.3010594844818115,146.60585021972656,139.08407592773438,-107.16211700439453
-46.429630279541016,1.2980997562408447,142.2319793701172,137.94903564453125,-107.66117858886719
-46.429630279541016,1.2980997562408447,142.2319793701172,137.94903564453125,-107.66117858886719
-46.50873565673828,1.2788338661193848,138.61166381835938,139.3260040283203,-106.52478790283203
-46.85008239746094,1.2830810546875,135.7622528076172,141.79295349121094,-105.70706176757812
-46.85008239746094,1.2830810546875,133.15109252929688,150.92466735839844,-125.74948120117188
-46.06129837036133,1.299126386642456,133.15109252929688,150.92466735839844,-125.74948120117188
-46.99616622924805,1.316738486289978,139.0429229736328,153.64959716796875,-113.39138793945312
-46.99616622924805,1.316738486289978,138.05996704101562,163.00074768066406,-116.757568359375
-47.789527893066406,1.314882516860962,138.05996704101562,163.00074768066406,-116.757568359375
-49.34263229370117,1.350431203842163,139.83847045898438,168.50296020507812,-110.23065948486328
-49.34263229370117,1.350431203842163,140.15774536132812,170.41043090820312,-107.87548065185547
-50.34242630004883,1.3251873254776,140.15774536132812,170.41043090820312,-107.87548065185547
-51.20933532714844,1.3137720823287964,145.5213165283203,174.2435760498047,-103.12420654296875
-51.20933532714844,1.3137720823287964,150.204345703125,177.95602416992188,-105.80609130859375
-51.6041374206543,1.371052622795105,150.204345703125,177.95602416992188,-105.80609130859375
-50.60594177246094,1.3736199140548706,151.5432891845703,182.40655517578125,-101.34973907470703
-50.60594177246094,1.3736199140548706,153.82192993164062,184.1665496826172,-103.43426513671875
-47.560089111328125,1.3987048864364624,153.82192993164062,184.1665496826172,-103.43426513671875
-16.545392990112305,4.363353729248047,148.71502685546875,183.31190490722656,-99.90289306640625
-16.545392990112305,4.363353729248047,148.71502685546875,183.31190490722656,-99.90289306640625
-0.5071553587913513,7.43626594543457,152.1653594970703,182.2063751220703,-99.60454559326172
33.56414794921875,13.587876319885254,154.09754943847656,183.2739715576172,-97.72637939453125
33.56414794921875,13.587876319885254,154.09754943847656,183.2739715576172,-97.72637939453125
33.56414794921875,13.587876319885254,154.09754943847656,183.2739715576172,-97.72637939453125
68.08552551269531,11.13686752319336,156.87579345703125,181.2277069091797,-100.18089294433594
68.08552551269531,11.13686752319336,156.87579345703125,181.2277069091797,-100.18089294433594
74.38609313964844,8.946887016296387,154.360595703125,184.1513671875,-97.8673324584961
75.41585540771484,7.104641437530518,153.85040283203125,182.1716766357422,-97.78742980957031
75.41585540771484,7.104641437530518,153.0771942138672,182.31747436523438,-96.07100677490234
74.13899993896484,4.938536643981934,154.61415100097656,182.31747436523438,-101.287353515625
73.33262634277344,4.159493923187256,154.11874389648438,185.10784912109375,-97.80107879638672
73.33262634277344,4.159493923187256,154.92308044433594,186.7126007080078,-97.43244934082031
71.09098815917969,3.200394630432129,154.92308044433594,186.7126007080078,-97.43244934082031
67.57723236083984,2.4264280796051025,157.38388061523438,191.22891235351562,-98.39096069335938
67.57723236083984,2.4264280796051025,149.328125,181.81515502929688,-84.79132843017578
66.97527313232422,2.0391557216644287,134.68588256835938,181.81515502929688,-72.39118957519531
64.42280578613281,0.8720930814743042,125.47898864746094,163.74951171875,-63.57701110839844
64.42280578613281,0.8720930814743042,125.47898864746094,163.74951171875,-63.57701110839844
64.99335479736328,0.0779135525226593,99.20257568359375,156.5852508544922,-46.1952018737793
53.968605041503906,-1.4112508296966553,90.34225463867188,141.8814697265625,-39.74165725708008
53.968605041503906,-1.4112508296966553,90.34225463867188,141.8814697265625,-39.74165725708008
46.44966125488281,-2.664109706878662,73.78549194335938,126.48400115966797,-28.386674880981445
43.799537658691406,-3.318316698074341,66.60108947753906,117.07018280029297,-24.972515106201172
43.799537658691406,-3.318316698074341,66.60108947753906,117.07018280029297,-24.972515106201172
40.79997634887695,-4.402517795562744,56.498313903808594,108.37579345703125,-17.93484115600586
35.412864685058594,-6.432730197906494,51.999267578125,100.51685333251953,-15.564311981201172
35.412864685058594,-6.432730197906494,51.999267578125,100.51685333251953,-15.564311981201172
22.57636070251465,-8.257412910461426,42.467506408691406,88.32511901855469,-11.543931007385254
11.126477241516113,-9.064319610595703,40.28023910522461,83.65396881103516,-10.264264106750488
11.126477241516113,-9.064319610595703,40.28023910522461,83.65396881103516,-10.264264106750488
2.801083564758301,-9.841118812561035,36.78982925415039,79.36557006835938,-9.14355182647705
-7.187998294830322,-10.739969253540039,27.19731330871582,83.90685272216797,-7.736717700958252
-7.187998294830322,-10.739969253540039,27.19731330871582,83.90685272216797,-7.736717700958252
-7.187998294830322,-10.739969253540039,27.19731330871582,83.90685272216797,-7.736717700958252
-13.067708969116211,-11.894960403442383,12.320947647094727,89.26438903808594,1.7930001020431519
-15.24501895904541,-11.894960403442383,8.948405265808105,86.6307144165039,8.085176467895508
-16.9625186920166,-12.038938522338867,8.948405265808105,80.73654174804688,8.085176467895508
-20.564918518066406,-11.808764457702637,-4.510296821594238,77.8770751953125,16.490175247192383
-20.564918518066406,-11.808764457702637,-4.510296821594238,77.8770751953125,16.490175247192383
-22.142175674438477,-11.98748779296875,-14.862350463867188,74.78202819824219,26.344331741333008
-23.464576721191406,-12.56428337097168,-28.39182472229004,67.05146789550781,30.57383918762207
-23.464576721191406,-12.56428337097168,-28.39182472229004,67.05146789550781,30.57383918762207
-24.284868240356445,-12.963032722473145,-44.53714370727539,64.03931427001953,35.92429733276367
-24.284868240356445,-12.963032722473145,-44.53714370727539,64.03931427001953,35.92429733276367
-25.79789161682129,-13.967039108276367,-68.07731628417969,50.243934631347656,53.948822021484375
-25.79789161682129,-13.967039108276367,-58.87899398803711,50.243934631347656,59.05934143066406
-26.148452758789062,-13.72178840637207,-54.39395523071289,50.243934631347656,63.273128509521484
-26.148452758789062,-13.72178840637207,-54.39395523071289,50.243934631347656,66.80912017822266
-26.38976287841797,-13.73742961883545,-55.642250061035156,27.594249725341797,66.80912017822266
-26.891584396362305,-14.259449005126953,-53.00973892211914,19.910192489624023,72.72943878173828
-26.891584396362305,-14.259449005126953,-51.50074005126953,17.792598724365234,75.58619689941406
-26.891584396362305,-14.259449005126953,-51.50074005126953,17.792598724365234,75.58619689941406
-27.120338439941406,-15.079632759094238,-53.55806350708008,15.861021995544434,80.60440826416016
-27.120338439941406,-15.079632759094238,-53.55806350708008,15.861021995544434,82.01736450195312
-27.02315902709961,-15.063117027282715,-58.4646110534668,12.798352241516113,84.86151885986328
-25.97686767578125,-15.240878105163574,-64.96939849853516,16.410579681396484,87.02442932128906
-25.97686767578125,-15.240878105163574,-64.96939849853516,16.410579681396484,87.02442932128906
-26.3131046295166,-15.526912689208984,-77.46072387695312,26.271833419799805,92.34642791748047
-26.05435562133789,-16.205036163330078,-82.03895568847656,28.313961029052734,91.7083740234375
-26.05435562133789,-16.205036163330078,-82.03895568847656,28.313961029052734,91.7083740234375
-26.05435562133789,-16.205036163330078,-82.03895568847656,28.313961029052734,91.7083740234375
-25.99479866027832,-16.366207122802734,-92.33934783935547,29.592741012573242,95.13236236572266
-25.99479866027832,-16.366207122802734,-92.33934783935547,29.592741012573242,96.29935455322266
-25.99479866027832,-16.366207122802734,-92.33934783935547,29.592741012573242,96.29935455322266
-25.697134017944336,-15.48923397064209,-96.13175201416016,28.25737953186035,99.75416564941406
-25.697134017944336,-15.48923397064209,-96.13175201416016,28.25737953186035,98.34382629394531
-25.731718063354492,-14.67798137664795,-100.97087860107422,25.591304779052734,98.34382629394531
-25.546009063720703,-14.90087604522705,-101.6978988647461,32.39838790893555,98.23910522460938
-25.546009063720703,-14.90087604522705,-101.6978988647461,32.39838790893555,98.23910522460938
-25.721698760986328,-15.554532051086426,-102.56729125976562,45.25616455078125,98.4369888305664
-25.26149559020996,-16.91366195678711,-102.78732299804688,83.77186584472656,98.96688842773438
-25.26149559020996,-16.91366195678711,-102.78732299804688,83.77186584472656,98.96688842773438
-25.36813735961914,-16.867521286010742,-101.10441589355469,99.02442932128906,97.87977600097656
-26.185758590698242,-17.02629280090332,-102.35943603515625,117.99868774414062,97.40482330322266
-26.185758590698242,-17.02629280090332,-102.35943603515625,117.99868774414062,97.40482330322266
-26.185758590698242,-17.02629280090332,-102.35943603515625,117.99868774414062,97.40482330322266
-25.476781845092773,-17.55219268798828,-108.35680389404297,132.17193603515625,98.4527359008789
-25.476781845092773,-17.55219268798828,-108.35680389404297,132.17193603515625,96.94850158691406
-25.58513832092285,-17.757408142089844,-107.47476196289062,135.9488525390625,96.1806411743164
-26.16761016845703,-17.48400115966797,-107.54681396484375,139.2366943359375,97.10045623779297
-26.16761016845703,-17.48400115966797,-107.54681396484375,139.2366943359375,97.10045623779297
-25.255157470703125,-17.528329849243164,-105.46923065185547,142.835693359375,97.47090148925781
-25.056711196899414,-17.081533432006836,-104.4046630859375,144.35308837890625,97.65264129638672
-25.056711196899414,-17.081533432006836,-104.4046630859375,144.35308837890625,97.65264129638672
-25.254920959472656,-16.70743179321289,-101.87434387207031,146.97952270507812,98.18280792236328
-25.095977783203125,-17.12462043762207,-99.59707641601562,153.513916015625,99.84799194335938
-25.095977783203125,-17.12462043762207,-99.59707641601562,153.513916015625,99.84799194335938
-26.63752555847168,-17.368196487426758,-129.90829467773438,100.7776107788086,53.15364456176758
-41.34782409667969,-17.257421493530273,-217.0140838623047,-109.75506591796875,-27.42046546936035
-41.34782409667969,-17.50916862487793,-202.29977416992188,-136.50123596191406,-35.19452667236328
-41.34782409667969,-17.50916862487793,-189.15077209472656,-136.50123596191406,-40.882896423339844
-60.8999137878418,-18.014646530151367,-189.15077209472656,-162.3688201904297,-45.8416633605957
-60.8999137878418,-18.014646530151367,-189.15077209472656,-162.3688201904297,-51.29731750488281
-72.03678894042969,-18.404369354248047,-159.6513214111328,-190.5881805419922,-57.52265930175781
-80.61972045898438,-18.608924865722656,-142.0568389892578,-206.21221923828125,-63.763404846191406
-80.61972045898438,-18.608924865722656,-142.0568389892578,-206.21221923828125,-63.763404846191406
-80.61972045898438,-18.608924865722656,-142.0568389892578,-206.21221923828125,-63.763404846191406
-77.94805145263672,-19.112306594848633,-137.2761993408203,-213.2115478515625,-82.10274505615234
-77.94805145263672,-19.112306594848633,-137.2761993408203,-213.2115478515625,-82.10274505615234
-79.87486267089844,-19.682504653930664,-96.87728881835938,-217.2030029296875,-88.72445678710938
-79.64790344238281,-19.062143325805664,-90.25962829589844,-231.27496337890625,-92.24864959716797
-79.64790344238281,-19.062143325805664,-90.25962829589844,-231.27496337890625,-92.24864959716797
-78.47467803955078,-18.94167137145996,-56.36128616333008,-218.22657775878906,-97.87883758544922
-79.80977630615234,-18.34014129638672,-56.36128616333008,-207.09593200683594,-100.43343353271484
-79.80977630615234,-18.34014129638672,-56.36128616333008,-207.09593200683594,-102.01984405517578
-78.88321685791016,-18.447765350341797,0.20270411670207977,-197.13014221191406,-103.54940032958984
-80.0457534790039,-17.928001403808594,3.7945568561553955,-182.07704162597656,-103.33077239990234
-80.0457534790039,-17.928001403808594,3.7945568561553955,-182.07704162597656,-103.33077239990234
-77.10470581054688,-17.30929183959961,-3.8916587829589844,-159.4029998779297,-106.79019165039062
-69.87146759033203,-16.2412052154541,-7.550181865692139,-154.7134246826172,-107.53702545166016
-69.87146759033203,-16.2412052154541,-7.550181865692139,-154.7134246826172,-107.85303497314453
-58.9119758605957,-16.060625076293945,-24.84711265563965,-151.29580688476562,-105.90953063964844
-50.953372955322266,-16.290359497070312,-24.84711265563965,-142.58935546875,-108.08271789550781
-50.953372955322266,-16.290359497070312,-24.84711265563965,-142.58935546875,-108.45052337646484
-48.18012619018555,-16.139047622680664,-55.116519927978516,-136.453125,-108.5820083618164
-45.23202133178711,-15.968317985534668,-87.39901733398438,-141.1339569091797,-111.47745513916016
-45.23202133178711,-15.968317985534668,-87.39901733398438,-141.1339569091797,-111.47745513916016
-39.0851936340332,-15.845817565917969,-74.15072631835938,-145.2418212890625,-114.27470397949219
-26.069198608398438,-15.791768074035645,-107.57579040527344,-137.6200714111328,-118.2713623046875
-26.069198608398438,-15.791768074035645,-107.57579040527344,-137.6200714111328,-117.08780670166016
-5.138896942138672,-15.603120803833008,-80.03919219970703,-109.03692626953125,-116.11817932128906
2.661283493041992,-15.195540428161621,-109.93576049804688,-102.5426254272461,-116.70532989501953
2.661283493041992,-15.195540428161621,-109.93576049804688,-102.5426254272461,-118.35958862304688
13.63317584991455,-15.087761878967285,-91.4581527709961,-94.12864685058594,-119.4901351928711
18.437368392944336,-15.029685020446777,-118.322021484375,-89.66613006591797,-120.68299865722656
18.437368392944336,-15.029685020446777,-118.322021484375,-89.66613006591797,-122.19286346435547
23.8593692779541,-14.94592571258545,-88.78369903564453,-88.06755828857422,-125.66485595703125
27.283065795898438,-14.704096794128418,-89.4926986694336,-85.46542358398438,-122.450927734375
27.283065795898438,-14.704096794128418,-89.4926986694336,-85.46542358398438,-124.89960479736328
32.838748931884766,-14.664032936096191,-70.95988464355469,-89.14546203613281,-124.89960479736328
36.257911682128906,-14.468423843383789,-54.1134147644043,-104.30362701416016,-121.22651672363281
36.257911682128906,-14.468423843383789,-54.1134147644043,-104.30362701416016,-121.22651672363281
37.83627700805664,-14.419142723083496,-51.36863708496094,-111.43632507324219,-119.41596984863281
40.22829818725586,-14.196670532226562,-47.80379104614258,-130.4068603515625,-117.55697631835938
40.22829818725586,-14.196670532226562,-47.80379104614258,-130.4068603515625,-117.40135192871094
41.095252990722656,-14.067375183105469,-15.907365798950195,-138.02259826660156,-116.29610443115234
42.09927749633789,-13.699019432067871,20.46350860595703,-151.15457153320312,-116.06002044677734
42.09927749633789,-13.699019432067871,20.46350860595703,-151.15457153320312,-116.06002044677734
42.7772216796875,-13.459962844848633,82.88612365722656,-162.97032165527344,-117.50862121582031
42.8289794921875,-13.346631050109863,111.13375854492188,-167.79510498046875,-118.80282592773438
42.8289794921875,-13.346631050109863,111.13375854492188,-167.79510498046875,-119.6291275024414
44.249542236328125,-13.293268203735352,119.28076171875,-169.78826904296875,-119.6291275024414
44.00358200073242,-13.086997032165527,123.33073425292969,-176.32138061523438,-120.89640808105469
44.00358200073242,-13.086997032165527,123.33073425292969,-176.32138061523438,-122.7606430053711
43.58786392211914,-12.95694351196289,130.04637145996094,-179.83375549316406,-122.7606430053711
43.17689895629883,-12.795113563537598,122.06317138671875,-181.96153259277344,-124.51905822753906
43.17689895629883,-12.795113563537598,122.06317138671875,-181.96153259277344,-123.31582641601562
41.957611083984375,-12.74853229522705,121.58321380615234,-183.4551544189453,-123.31582641601562
41.16911315917969,-12.658374786376953,80.26235961914062,-179.0435333251953,-124.1036148071289
41.16911315917969,-12.508981704711914,53.25859451293945,-176.38864135742188,-122.90364837646484
41.16911315917969,-12.508981704711914,53.25859451293945,-176.38864135742188,-122.90364837646484
40.85847854614258,-12.337750434875488,-12.4793119430542,-169.9740447998047,-121.91804504394531
40.85847854614258,-12.337750434875488,-12.4793119430542,-169.9740447998047,-121.91804504394531
43.02781677246094,-12.224571228027344,-50.06596755981445,-163.749267578125,-121.5446548461914
43.02781677246094,-11.796717643737793,-59.214393615722656,-161.56570434570312,-119.91417694091797
43.02781677246094,-11.796717643737793,-59.214393615722656,-161.56570434570312,-120.0352554321289
41.79990005493164,-11.645682334899902,-66.9569091796875,-159.35812377929688,-120.0352554321289
42.71152114868164,-11.464664459228516,-76.58206939697266,-156.45516967773438,-119.87161254882812
42.71152114868164,-11.464664459228516,-76.58206939697266,-156.45516967773438,-119.73339080810547
43.33698654174805,-11.352697372436523,-82.44222259521484,-154.32470703125,-119.00727081298828
43.98324966430664,-10.990994453430176,-67.55513000488281,-154.13388061523438,-118.19841003417969
43.98324966430664,-10.990994453430176,-67.55513000488281,-154.13388061523438,-117.43391418457031
40.729427337646484,-10.76188850402832,-47.660396575927734,-154.61473083496094,-116.80984497070312
38.498477935791016,-10.397748947143555,-47.660396575927734,-156.685791015625,-116.49002838134766
38.498477935791016,-10.397748947143555,-47.660396575927734,-156.685791015625,-116.49002838134766
37.599403381347656,-10.247136116027832,-20.75382423400879,-157.55267333984375,-114.92987823486328
36.084686279296875,-9.992179870605469,-20.75382423400879,-158.3665771484375,-114.00508117675781
36.084686279296875,-9.992179870605469,-20.75382423400879,-158.3665771484375,-114.00508117675781
35.380393981933594,-9.759932518005371,-6.899477005004883,-159.3251495361328,-112.72305297851562
34.58991241455078,-9.62530517578125,-6.899477005004883,-160.87722778320312,-112.03517150878906
34.58991241455078,-9.62530517578125,-6.899477005004883,-160.87722778320312,-111.13082122802734
33.76567459106445,-9.651936531066895,0.8418554067611694,-162.2489776611328,-110.29240417480469
33.138519287109375,-9.683816909790039,3.7557897567749023,-162.8364715576172,-110.02024841308594
33.138519287109375,-9.683816909790039,3.7557897567749023,-162.8364715576172,-110.23383331298828
32.26284408569336,-9.679731369018555,9.055733680725098,-162.94512939453125,-110.38835144042969
31.604021072387695,-9.377812385559082,9.055733680725098,-162.85061645507812,-109.93392181396484
31.604021072387695,-9.377812385559082,9.055733680725098,-162.85061645507812,-109.93392181396484
31.92630958557129,-9.299591064453125,14.974973678588867,-162.67713928222656,-109.00370788574219
31.494243621826172,-9.026246070861816,14.974973678588867,-163.07110595703125,-108.76042938232422
31.494243621826172,-9.026246070861816,14.974973678588867,-163.07110595703125,-108.76042938232422
31.6485538482666,-8.690918922424316,18.3106632232666,-163.3074188232422,-109.56924438476562
30.29783821105957,-8.255476951599121,18.3106632232666,-162.93968200683594,-110.0954360961914
30.29783821105957,-8.255476951599121,18.3106632232666,-162.93968200683594,-110.72041320800781
30.132122039794922,-7.923383712768555,20.00880241394043,-163.36801147460938,-110.72041320800781
29.086938858032227,-6.776162624359131,20.557119369506836,-163.92422485351562,-107.0030746459961
29.086938858032227,-6.776162624359131,20.557119369506836,-163.92422485351562,-107.0030746459961
